[12,"<article class=\"tipi-xs-12 elements-location-1 clearfix with-fi ani-base article-ani article-ani-1 tipi-s-typo split-1 split-design-1 separation-border separation-border-style loop-0 preview-classic preview-1 img-ani-1 elements-design-1 post-7921 post type-post status-publish format-standard has-post-thumbnail hentry category-apartment category-apartment-hacks category-decor tag-apartment-living tag-bed-frame tag-bedroom tag-decoration tag-design tag-rental-living tag-room-divider\"><div class=\"preview-mini-wrap clearfix\"><div class=\"mask\"><a href=\"https:\/\/livingat300main.ca\/designing-the-perfect-bedroom\/\" class=\"mask-img\"><img width=\"370\" height=\"247\" src=\"https:\/\/arwebstore.blob.core.windows.net\/livingat300main-ca\/2022\/05\/pexels-vlada-karpovich-5357416-370x247.jpg\" class=\"attachment-zeen-370-247 size-zeen-370-247 wp-post-image\" alt=\"\" decoding=\"async\" loading=\"lazy\" srcset=\"https:\/\/arwebstore.blob.core.windows.net\/livingat300main-ca\/2022\/05\/pexels-vlada-karpovich-5357416-370x247.jpg 370w, https:\/\/arwebstore.blob.core.windows.net\/livingat300main-ca\/2022\/05\/pexels-vlada-karpovich-5357416-300x200.jpg 300w, https:\/\/arwebstore.blob.core.windows.net\/livingat300main-ca\/2022\/05\/pexels-vlada-karpovich-5357416-1024x683.jpg 1024w, https:\/\/arwebstore.blob.core.windows.net\/livingat300main-ca\/2022\/05\/pexels-vlada-karpovich-5357416-770x513.jpg 770w, https:\/\/arwebstore.blob.core.windows.net\/livingat300main-ca\/2022\/05\/pexels-vlada-karpovich-5357416-1536x1024.jpg 1536w, https:\/\/arwebstore.blob.core.windows.net\/livingat300main-ca\/2022\/05\/pexels-vlada-karpovich-5357416-2048x1365.jpg 2048w, https:\/\/arwebstore.blob.core.windows.net\/livingat300main-ca\/2022\/05\/pexels-vlada-karpovich-5357416-1155x770.jpg 1155w, https:\/\/arwebstore.blob.core.windows.net\/livingat300main-ca\/2022\/05\/pexels-vlada-karpovich-5357416-293x195.jpg 293w, https:\/\/arwebstore.blob.core.windows.net\/livingat300main-ca\/2022\/05\/pexels-vlada-karpovich-5357416-1400x933.jpg 1400w, https:\/\/arwebstore.blob.core.windows.net\/livingat300main-ca\/2022\/05\/pexels-vlada-karpovich-5357416-500x333.jpg 500w, https:\/\/arwebstore.blob.core.windows.net\/livingat300main-ca\/2022\/05\/pexels-vlada-karpovich-5357416-90x60.jpg 90w, https:\/\/arwebstore.blob.core.windows.net\/livingat300main-ca\/2022\/05\/pexels-vlada-karpovich-5357416-135x90.jpg 135w\" sizes=\"(max-width: 370px) 100vw, 370px\" \/><\/a><\/div><div class=\"meta\"><div class=\"byline byline-2 byline-cats-design-1\"><div class=\"byline-part cats\"><a href=\"https:\/\/livingat300main.ca\/category\/apartment\/\" class=\"cat\">Apartment<\/a><a href=\"https:\/\/livingat300main.ca\/category\/apartment-hacks\/\" class=\"cat\">Apartment Hacks<\/a><a href=\"https:\/\/livingat300main.ca\/category\/decor\/\" class=\"cat\">Decor<\/a><\/div><span class=\"byline-part separator\">&middot;<\/span><span class=\"byline-part date\"><time class=\"entry-date published dateCreated\" datetime=\"2022-05-13T20:35:00+00:00\">May 13, 2022<\/time><\/span><\/div><div class=\"title-wrap\"><h3 class=\"title\"><a href=\"https:\/\/livingat300main.ca\/designing-the-perfect-bedroom\/\">Designing the Perfect Bedroom<\/a><\/h3><\/div><div class=\"excerpt body-color\">Our bedroom is one of the most important spaces in the home.... <span class=\"read-more-wrap font-3\"><a class=\"read-more\" href=\"https:\/\/livingat300main.ca\/designing-the-perfect-bedroom\/\">Read More<\/a><\/span><\/div><\/div><\/div><\/article><article class=\"tipi-xs-12 elements-location-1 clearfix with-fi ani-base article-ani article-ani-1 tipi-s-typo split-1 split-design-1 separation-border separation-border-style loop-1 preview-classic preview-1 img-ani-1 elements-design-1 post-7899 post type-post status-publish format-standard has-post-thumbnail hentry category-adventure category-lifestyle tag-birds-hill-park tag-churchill tag-explore-manitoba tag-gimli tag-living-in-manitoba tag-riding-mountain-park tag-spring-in-manitoba tag-weekend-getaways\"><div class=\"preview-mini-wrap clearfix\"><div class=\"mask\"><a href=\"https:\/\/livingat300main.ca\/weekend-getaways-manitoba-spring-edition\/\" class=\"mask-img\"><img width=\"370\" height=\"247\" src=\"https:\/\/arwebstore.blob.core.windows.net\/livingat300main-ca\/2022\/05\/Post1-1-370x247.png\" class=\"attachment-zeen-370-247 size-zeen-370-247 wp-post-image\" alt=\"\" decoding=\"async\" loading=\"lazy\" srcset=\"https:\/\/arwebstore.blob.core.windows.net\/livingat300main-ca\/2022\/05\/Post1-1-370x247.png 370w, https:\/\/arwebstore.blob.core.windows.net\/livingat300main-ca\/2022\/05\/Post1-1-770x513.png 770w, https:\/\/arwebstore.blob.core.windows.net\/livingat300main-ca\/2022\/05\/Post1-1-1155x770.png 1155w\" sizes=\"(max-width: 370px) 100vw, 370px\" \/><\/a><\/div><div class=\"meta\"><div class=\"byline byline-2 byline-cats-design-1\"><div class=\"byline-part cats\"><a href=\"https:\/\/livingat300main.ca\/category\/adventure\/\" class=\"cat\">Adventure<\/a><a href=\"https:\/\/livingat300main.ca\/category\/lifestyle\/\" class=\"cat\">Lifestyle<\/a><\/div><span class=\"byline-part separator\">&middot;<\/span><span class=\"byline-part date\"><time class=\"entry-date published dateCreated\" datetime=\"2022-05-06T18:51:12+00:00\">May 6, 2022<\/time><\/span><\/div><div class=\"title-wrap\"><h3 class=\"title\"><a href=\"https:\/\/livingat300main.ca\/weekend-getaways-manitoba-spring-edition\/\">Spring Getaways in Manitoba<\/a><\/h3><\/div><div class=\"excerpt body-color\">Manitoba is full of amazing adventures not only just within the walls... <span class=\"read-more-wrap font-3\"><a class=\"read-more\" href=\"https:\/\/livingat300main.ca\/weekend-getaways-manitoba-spring-edition\/\">Read More<\/a><\/span><\/div><\/div><\/div><\/article><article class=\"tipi-xs-12 elements-location-1 clearfix with-fi ani-base article-ani article-ani-1 tipi-s-typo split-1 split-design-1 separation-border separation-border-style loop-2 preview-classic preview-1 img-ani-1 elements-design-1 post-7775 post type-post status-publish format-standard has-post-thumbnail hentry category-art-photography category-decor category-diy category-relationships tag-crystals tag-diy tag-diy-bouquet tag-diy-candle tag-diy-gifts tag-diy-mothers-day-gifts tag-diy-wreath tag-mothers-day tag-spring\"><div class=\"preview-mini-wrap clearfix\"><div class=\"mask\"><a href=\"https:\/\/livingat300main.ca\/diy-gifts-for-mom\/\" class=\"mask-img\"><img width=\"370\" height=\"247\" src=\"https:\/\/arwebstore.blob.core.windows.net\/livingat300main-ca\/2022\/04\/pexels-pixabay-33197-370x247.jpg\" class=\"attachment-zeen-370-247 size-zeen-370-247 wp-post-image\" alt=\"\" decoding=\"async\" loading=\"lazy\" srcset=\"https:\/\/arwebstore.blob.core.windows.net\/livingat300main-ca\/2022\/04\/pexels-pixabay-33197-370x247.jpg 370w, https:\/\/arwebstore.blob.core.windows.net\/livingat300main-ca\/2022\/04\/pexels-pixabay-33197-300x200.jpg 300w, https:\/\/arwebstore.blob.core.windows.net\/livingat300main-ca\/2022\/04\/pexels-pixabay-33197-770x514.jpg 770w, https:\/\/arwebstore.blob.core.windows.net\/livingat300main-ca\/2022\/04\/pexels-pixabay-33197-293x195.jpg 293w, https:\/\/arwebstore.blob.core.windows.net\/livingat300main-ca\/2022\/04\/pexels-pixabay-33197-500x334.jpg 500w, https:\/\/arwebstore.blob.core.windows.net\/livingat300main-ca\/2022\/04\/pexels-pixabay-33197-90x60.jpg 90w, https:\/\/arwebstore.blob.core.windows.net\/livingat300main-ca\/2022\/04\/pexels-pixabay-33197-135x90.jpg 135w, https:\/\/arwebstore.blob.core.windows.net\/livingat300main-ca\/2022\/04\/pexels-pixabay-33197.jpg 910w\" sizes=\"(max-width: 370px) 100vw, 370px\" \/><\/a><\/div><div class=\"meta\"><div class=\"byline byline-2 byline-cats-design-1\"><div class=\"byline-part cats\"><a href=\"https:\/\/livingat300main.ca\/category\/art-photography\/\" class=\"cat\">Art &amp; Photography<\/a><a href=\"https:\/\/livingat300main.ca\/category\/decor\/\" class=\"cat\">Decor<\/a><a href=\"https:\/\/livingat300main.ca\/category\/art-photography\/diy\/\" class=\"cat\">DIY<\/a><a href=\"https:\/\/livingat300main.ca\/category\/relationships\/\" class=\"cat\">Relationships<\/a><\/div><span class=\"byline-part separator\">&middot;<\/span><span class=\"byline-part date\"><time class=\"entry-date published dateCreated\" datetime=\"2022-04-26T21:21:37+00:00\">April 26, 2022<\/time><\/span><\/div><div class=\"title-wrap\"><h3 class=\"title\"><a href=\"https:\/\/livingat300main.ca\/diy-gifts-for-mom\/\">DIY Gifts for Mom<\/a><\/h3><\/div><div class=\"excerpt body-color\">Mother\u2019s Day is May 8th, and it seems like no matter how... <span class=\"read-more-wrap font-3\"><a class=\"read-more\" href=\"https:\/\/livingat300main.ca\/diy-gifts-for-mom\/\">Read More<\/a><\/span><\/div><\/div><\/div><\/article><article class=\"tipi-xs-12 elements-location-1 clearfix with-fi ani-base article-ani article-ani-1 tipi-s-typo split-1 split-design-1 separation-border separation-border-style loop-3 preview-classic preview-1 img-ani-1 elements-design-1 post-7753 post type-post status-publish format-standard has-post-thumbnail hentry category-fashion category-shopping tag-boots tag-bundlestones tag-dressing-for-spring tag-fashion tag-mukluk tag-outfit-of-the-day tag-rain-coat tag-spring tag-spring-fashion tag-spring-in-downtown tag-spring-in-winnipeg tag-spring-outfit tag-trench-coat\"><div class=\"preview-mini-wrap clearfix\"><div class=\"mask\"><a href=\"https:\/\/livingat300main.ca\/staying-fashionable-in-the-slush-and-rain\/\" class=\"mask-img\"><img width=\"370\" height=\"247\" src=\"https:\/\/arwebstore.blob.core.windows.net\/livingat300main-ca\/2022\/04\/pexels-andrea-piacquadio-790357-370x247.png\" class=\"attachment-zeen-370-247 size-zeen-370-247 wp-post-image\" alt=\"\" decoding=\"async\" loading=\"lazy\" srcset=\"https:\/\/arwebstore.blob.core.windows.net\/livingat300main-ca\/2022\/04\/pexels-andrea-piacquadio-790357-370x247.png 370w, https:\/\/arwebstore.blob.core.windows.net\/livingat300main-ca\/2022\/04\/pexels-andrea-piacquadio-790357-300x200.png 300w, https:\/\/arwebstore.blob.core.windows.net\/livingat300main-ca\/2022\/04\/pexels-andrea-piacquadio-790357-1024x683.png 1024w, https:\/\/arwebstore.blob.core.windows.net\/livingat300main-ca\/2022\/04\/pexels-andrea-piacquadio-790357-770x513.png 770w, https:\/\/arwebstore.blob.core.windows.net\/livingat300main-ca\/2022\/04\/pexels-andrea-piacquadio-790357-1155x770.png 1155w, https:\/\/arwebstore.blob.core.windows.net\/livingat300main-ca\/2022\/04\/pexels-andrea-piacquadio-790357-293x195.png 293w, https:\/\/arwebstore.blob.core.windows.net\/livingat300main-ca\/2022\/04\/pexels-andrea-piacquadio-790357-1400x933.png 1400w, https:\/\/arwebstore.blob.core.windows.net\/livingat300main-ca\/2022\/04\/pexels-andrea-piacquadio-790357-500x333.png 500w, https:\/\/arwebstore.blob.core.windows.net\/livingat300main-ca\/2022\/04\/pexels-andrea-piacquadio-790357.png 1440w\" sizes=\"(max-width: 370px) 100vw, 370px\" \/><\/a><\/div><div class=\"meta\"><div class=\"byline byline-2 byline-cats-design-1\"><div class=\"byline-part cats\"><a href=\"https:\/\/livingat300main.ca\/category\/fashion\/\" class=\"cat\">Fashion<\/a><a href=\"https:\/\/livingat300main.ca\/category\/shopping\/\" class=\"cat\">Shopping<\/a><\/div><span class=\"byline-part separator\">&middot;<\/span><span class=\"byline-part date\"><time class=\"entry-date published dateCreated\" datetime=\"2022-04-22T16:52:06+00:00\">April 22, 2022<\/time><\/span><\/div><div class=\"title-wrap\"><h3 class=\"title\"><a href=\"https:\/\/livingat300main.ca\/staying-fashionable-in-the-slush-and-rain\/\">Staying Fashionable in the Slush and Rain<\/a><\/h3><\/div><div class=\"excerpt body-color\">It is safe to say the spring season is finally here to... <span class=\"read-more-wrap font-3\"><a class=\"read-more\" href=\"https:\/\/livingat300main.ca\/staying-fashionable-in-the-slush-and-rain\/\">Read More<\/a><\/span><\/div><\/div><\/div><\/article><article class=\"tipi-xs-12 elements-location-1 clearfix with-fi ani-base article-ani article-ani-1 tipi-s-typo split-1 split-design-1 separation-border separation-border-style loop-4 preview-classic preview-1 img-ani-1 elements-design-1 post-7611 post type-post status-publish format-standard has-post-thumbnail hentry category-apartment-hacks tag-apartment tag-apartment-building tag-apartment-building-in-downtown-winnipeg tag-apartment-living tag-apartment-living-winnipeg tag-downtown-apartments tag-downtown-living tag-downtown-winnipeg tag-living-in-downtown-winnipeg tag-winnipeg-apartments\"><div class=\"preview-mini-wrap clearfix\"><div class=\"mask\"><a href=\"https:\/\/livingat300main.ca\/tips-for-your-indoor-garden\/\" class=\"mask-img\"><img width=\"370\" height=\"247\" src=\"https:\/\/arwebstore.blob.core.windows.net\/livingat300main-ca\/2022\/04\/pexels-cottonbro-4503273-370x247.jpg\" class=\"attachment-zeen-370-247 size-zeen-370-247 wp-post-image\" alt=\"\" decoding=\"async\" loading=\"lazy\" srcset=\"https:\/\/arwebstore.blob.core.windows.net\/livingat300main-ca\/2022\/04\/pexels-cottonbro-4503273-370x247.jpg 370w, https:\/\/arwebstore.blob.core.windows.net\/livingat300main-ca\/2022\/04\/pexels-cottonbro-4503273-300x200.jpg 300w, https:\/\/arwebstore.blob.core.windows.net\/livingat300main-ca\/2022\/04\/pexels-cottonbro-4503273-1024x683.jpg 1024w, https:\/\/arwebstore.blob.core.windows.net\/livingat300main-ca\/2022\/04\/pexels-cottonbro-4503273-770x513.jpg 770w, https:\/\/arwebstore.blob.core.windows.net\/livingat300main-ca\/2022\/04\/pexels-cottonbro-4503273-1536x1024.jpg 1536w, https:\/\/arwebstore.blob.core.windows.net\/livingat300main-ca\/2022\/04\/pexels-cottonbro-4503273-1155x770.jpg 1155w, https:\/\/arwebstore.blob.core.windows.net\/livingat300main-ca\/2022\/04\/pexels-cottonbro-4503273-293x195.jpg 293w, https:\/\/arwebstore.blob.core.windows.net\/livingat300main-ca\/2022\/04\/pexels-cottonbro-4503273-1400x934.jpg 1400w, https:\/\/arwebstore.blob.core.windows.net\/livingat300main-ca\/2022\/04\/pexels-cottonbro-4503273-500x333.jpg 500w, https:\/\/arwebstore.blob.core.windows.net\/livingat300main-ca\/2022\/04\/pexels-cottonbro-4503273.jpg 1774w\" sizes=\"(max-width: 370px) 100vw, 370px\" \/><\/a><\/div><div class=\"meta\"><div class=\"byline byline-2 byline-cats-design-1\"><div class=\"byline-part cats\"><a href=\"https:\/\/livingat300main.ca\/category\/apartment-hacks\/\" class=\"cat\">Apartment Hacks<\/a><\/div><span class=\"byline-part separator\">&middot;<\/span><span class=\"byline-part date\"><time class=\"entry-date published dateCreated\" datetime=\"2022-04-06T17:49:37+00:00\">April 6, 2022<\/time><\/span><\/div><div class=\"title-wrap\"><h3 class=\"title\"><a href=\"https:\/\/livingat300main.ca\/tips-for-your-indoor-garden\/\">Tips For Your Indoor Garden<\/a><\/h3><\/div><div class=\"excerpt body-color\">You may think that you miss out on gardening when you live... <span class=\"read-more-wrap font-3\"><a class=\"read-more\" href=\"https:\/\/livingat300main.ca\/tips-for-your-indoor-garden\/\">Read More<\/a><\/span><\/div><\/div><\/div><\/article><article class=\"tipi-xs-12 elements-location-1 clearfix with-fi ani-base article-ani article-ani-1 tipi-s-typo split-1 split-design-1 separation-border separation-border-style loop-5 preview-classic preview-1 img-ani-1 elements-design-1 post-7581 post type-post status-publish format-standard has-post-thumbnail hentry category-lifestyle tag-apartment tag-apartment-building tag-apartment-building-in-downtown-winnipeg tag-apartment-living tag-apartment-living-winnipeg tag-downtown-apartments tag-downtown-living tag-downtown-winnipeg tag-living-in-downtown-winnipeg tag-winnipeg-apartments\"><div class=\"preview-mini-wrap clearfix\"><div class=\"mask\"><a href=\"https:\/\/livingat300main.ca\/spring-cleaning-your-life\/\" class=\"mask-img\"><img width=\"370\" height=\"247\" src=\"https:\/\/arwebstore.blob.core.windows.net\/livingat300main-ca\/2022\/03\/spr1-370x247.png\" class=\"attachment-zeen-370-247 size-zeen-370-247 wp-post-image\" alt=\"\" decoding=\"async\" loading=\"lazy\" srcset=\"https:\/\/arwebstore.blob.core.windows.net\/livingat300main-ca\/2022\/03\/spr1-370x247.png 370w, https:\/\/arwebstore.blob.core.windows.net\/livingat300main-ca\/2022\/03\/spr1-300x200.png 300w, https:\/\/arwebstore.blob.core.windows.net\/livingat300main-ca\/2022\/03\/spr1-1024x682.png 1024w, https:\/\/arwebstore.blob.core.windows.net\/livingat300main-ca\/2022\/03\/spr1-770x513.png 770w, https:\/\/arwebstore.blob.core.windows.net\/livingat300main-ca\/2022\/03\/spr1-500x333.png 500w, https:\/\/arwebstore.blob.core.windows.net\/livingat300main-ca\/2022\/03\/spr1-1155x770.png 1155w, https:\/\/arwebstore.blob.core.windows.net\/livingat300main-ca\/2022\/03\/spr1-293x195.png 293w, https:\/\/arwebstore.blob.core.windows.net\/livingat300main-ca\/2022\/03\/spr1-1400x933.png 1400w, https:\/\/arwebstore.blob.core.windows.net\/livingat300main-ca\/2022\/03\/spr1.png 1454w\" sizes=\"(max-width: 370px) 100vw, 370px\" \/><\/a><\/div><div class=\"meta\"><div class=\"byline byline-2 byline-cats-design-1\"><div class=\"byline-part cats\"><a href=\"https:\/\/livingat300main.ca\/category\/lifestyle\/\" class=\"cat\">Lifestyle<\/a><\/div><span class=\"byline-part separator\">&middot;<\/span><span class=\"byline-part date\"><time class=\"entry-date published dateCreated\" datetime=\"2022-03-31T15:00:02+00:00\">March 31, 2022<\/time><\/span><\/div><div class=\"title-wrap\"><h3 class=\"title\"><a href=\"https:\/\/livingat300main.ca\/spring-cleaning-your-life\/\">Spring Cleaning Your Life<\/a><\/h3><\/div><div class=\"excerpt body-color\">Making changes to our daily schedules and changing old habits can be... <span class=\"read-more-wrap font-3\"><a class=\"read-more\" href=\"https:\/\/livingat300main.ca\/spring-cleaning-your-life\/\">Read More<\/a><\/span><\/div><\/div><\/div><\/article><article class=\"tipi-xs-12 elements-location-1 clearfix with-fi ani-base article-ani article-ani-1 tipi-s-typo split-1 split-design-1 separation-border separation-border-style loop-6 preview-classic preview-1 img-ani-1 elements-design-1 post-7572 post type-post status-publish format-standard has-post-thumbnail hentry category-apartment-hacks category-decor tag-apartment tag-apartment-building tag-apartment-building-in-downtown-winnipeg tag-apartment-living tag-apartment-living-winnipeg tag-downtown-apartments tag-downtown-living tag-downtown-winnipeg tag-living-in-downtown-winnipeg tag-winnipeg-apartments\"><div class=\"preview-mini-wrap clearfix\"><div class=\"mask\"><a href=\"https:\/\/livingat300main.ca\/getting-organized-spring-edition\/\" class=\"mask-img\"><img width=\"370\" height=\"247\" src=\"https:\/\/arwebstore.blob.core.windows.net\/livingat300main-ca\/2022\/03\/pexels-timur-weber-9185814-370x247.jpg\" class=\"attachment-zeen-370-247 size-zeen-370-247 wp-post-image\" alt=\"\" decoding=\"async\" loading=\"lazy\" srcset=\"https:\/\/arwebstore.blob.core.windows.net\/livingat300main-ca\/2022\/03\/pexels-timur-weber-9185814-370x247.jpg 370w, https:\/\/arwebstore.blob.core.windows.net\/livingat300main-ca\/2022\/03\/pexels-timur-weber-9185814-300x200.jpg 300w, https:\/\/arwebstore.blob.core.windows.net\/livingat300main-ca\/2022\/03\/pexels-timur-weber-9185814-1024x683.jpg 1024w, https:\/\/arwebstore.blob.core.windows.net\/livingat300main-ca\/2022\/03\/pexels-timur-weber-9185814-770x513.jpg 770w, https:\/\/arwebstore.blob.core.windows.net\/livingat300main-ca\/2022\/03\/pexels-timur-weber-9185814-500x333.jpg 500w, https:\/\/arwebstore.blob.core.windows.net\/livingat300main-ca\/2022\/03\/pexels-timur-weber-9185814-1155x770.jpg 1155w, https:\/\/arwebstore.blob.core.windows.net\/livingat300main-ca\/2022\/03\/pexels-timur-weber-9185814-293x195.jpg 293w, https:\/\/arwebstore.blob.core.windows.net\/livingat300main-ca\/2022\/03\/pexels-timur-weber-9185814-1400x933.jpg 1400w, https:\/\/arwebstore.blob.core.windows.net\/livingat300main-ca\/2022\/03\/pexels-timur-weber-9185814.jpg 1512w\" sizes=\"(max-width: 370px) 100vw, 370px\" \/><\/a><\/div><div class=\"meta\"><div class=\"byline byline-2 byline-cats-design-1\"><div class=\"byline-part cats\"><a href=\"https:\/\/livingat300main.ca\/category\/apartment-hacks\/\" class=\"cat\">Apartment Hacks<\/a><a href=\"https:\/\/livingat300main.ca\/category\/decor\/\" class=\"cat\">Decor<\/a><\/div><span class=\"byline-part separator\">&middot;<\/span><span class=\"byline-part date\"><time class=\"entry-date published dateCreated\" datetime=\"2022-03-22T14:54:38+00:00\">March 22, 2022<\/time><\/span><\/div><div class=\"title-wrap\"><h3 class=\"title\"><a href=\"https:\/\/livingat300main.ca\/getting-organized-spring-edition\/\">Getting Organized \u2013 Spring Edition<\/a><\/h3><\/div><div class=\"excerpt body-color\">It\u2019s Spring, and that means one thing&#8230; It&#8217;s Spring-cleaning time! Something is... <span class=\"read-more-wrap font-3\"><a class=\"read-more\" href=\"https:\/\/livingat300main.ca\/getting-organized-spring-edition\/\">Read More<\/a><\/span><\/div><\/div><\/div><\/article><article class=\"tipi-xs-12 elements-location-1 clearfix with-fi ani-base article-ani article-ani-1 tipi-s-typo split-1 split-design-1 separation-border separation-border-style loop-7 preview-classic preview-1 img-ani-1 elements-design-1 post-7564 post type-post status-publish format-standard has-post-thumbnail hentry category-apartment category-apartment-hacks category-lifestyle tag-apartment tag-apartment-building tag-apartment-building-in-downtown-winnipeg tag-apartment-living tag-apartment-living-winnipeg tag-downtown-apartments tag-downtown-living tag-downtown-winnipeg tag-living-in-downtown-winnipeg tag-winnipeg-apartments\"><div class=\"preview-mini-wrap clearfix\"><div class=\"mask\"><a href=\"https:\/\/livingat300main.ca\/spring-towards-a-better-smelling-home-and-a-better-you\/\" class=\"mask-img\"><img width=\"370\" height=\"247\" src=\"https:\/\/arwebstore.blob.core.windows.net\/livingat300main-ca\/2022\/03\/featured-370x247.jpg\" class=\"attachment-zeen-370-247 size-zeen-370-247 wp-post-image\" alt=\"\" decoding=\"async\" loading=\"lazy\" srcset=\"https:\/\/arwebstore.blob.core.windows.net\/livingat300main-ca\/2022\/03\/featured-370x247.jpg 370w, https:\/\/arwebstore.blob.core.windows.net\/livingat300main-ca\/2022\/03\/featured-300x199.jpg 300w, https:\/\/arwebstore.blob.core.windows.net\/livingat300main-ca\/2022\/03\/featured-1024x680.jpg 1024w, https:\/\/arwebstore.blob.core.windows.net\/livingat300main-ca\/2022\/03\/featured-770x511.jpg 770w, https:\/\/arwebstore.blob.core.windows.net\/livingat300main-ca\/2022\/03\/featured-1536x1020.jpg 1536w, https:\/\/arwebstore.blob.core.windows.net\/livingat300main-ca\/2022\/03\/featured-500x332.jpg 500w, https:\/\/arwebstore.blob.core.windows.net\/livingat300main-ca\/2022\/03\/featured-1155x770.jpg 1155w, https:\/\/arwebstore.blob.core.windows.net\/livingat300main-ca\/2022\/03\/featured-293x195.jpg 293w, https:\/\/arwebstore.blob.core.windows.net\/livingat300main-ca\/2022\/03\/featured-1400x930.jpg 1400w, https:\/\/arwebstore.blob.core.windows.net\/livingat300main-ca\/2022\/03\/featured.jpg 1747w\" sizes=\"(max-width: 370px) 100vw, 370px\" \/><\/a><\/div><div class=\"meta\"><div class=\"byline byline-2 byline-cats-design-1\"><div class=\"byline-part cats\"><a href=\"https:\/\/livingat300main.ca\/category\/apartment\/\" class=\"cat\">Apartment<\/a><a href=\"https:\/\/livingat300main.ca\/category\/apartment-hacks\/\" class=\"cat\">Apartment Hacks<\/a><a href=\"https:\/\/livingat300main.ca\/category\/lifestyle\/\" class=\"cat\">Lifestyle<\/a><\/div><span class=\"byline-part separator\">&middot;<\/span><span class=\"byline-part date\"><time class=\"entry-date published dateCreated\" datetime=\"2022-03-17T17:02:57+00:00\">March 17, 2022<\/time><\/span><\/div><div class=\"title-wrap\"><h3 class=\"title\"><a href=\"https:\/\/livingat300main.ca\/spring-towards-a-better-smelling-home-and-a-better-you\/\">Spring towards a better smelling home &#8211; and a better you<\/a><\/h3><\/div><div class=\"excerpt body-color\">Our mood and energy levels can be impacted greatly by how our... <span class=\"read-more-wrap font-3\"><a class=\"read-more\" href=\"https:\/\/livingat300main.ca\/spring-towards-a-better-smelling-home-and-a-better-you\/\">Read More<\/a><\/span><\/div><\/div><\/div><\/article><article class=\"tipi-xs-12 elements-location-1 clearfix with-fi ani-base article-ani article-ani-1 tipi-s-typo split-1 split-design-1 separation-border separation-border-style loop-8 preview-classic preview-1 img-ani-1 elements-design-1 post-7525 post type-post status-publish format-standard has-post-thumbnail hentry category-culture category-food-restaurants tag-apartment tag-apartment-building tag-apartment-building-in-downtown-winnipeg tag-apartment-living tag-apartment-living-winnipeg tag-downtown-apartments tag-downtown-living tag-downtown-winnipeg tag-living-in-downtown-winnipeg tag-winnipeg-apartments\"><div class=\"preview-mini-wrap clearfix\"><div class=\"mask\"><a href=\"https:\/\/livingat300main.ca\/st-patricks-day-celebration-ideas-winnipeg-edition\/\" class=\"mask-img\"><img width=\"370\" height=\"247\" src=\"https:\/\/arwebstore.blob.core.windows.net\/livingat300main-ca\/2022\/03\/sp7-370x247.jpg\" class=\"attachment-zeen-370-247 size-zeen-370-247 wp-post-image\" alt=\"\" decoding=\"async\" loading=\"lazy\" srcset=\"https:\/\/arwebstore.blob.core.windows.net\/livingat300main-ca\/2022\/03\/sp7-370x247.jpg 370w, https:\/\/arwebstore.blob.core.windows.net\/livingat300main-ca\/2022\/03\/sp7-300x200.jpg 300w, https:\/\/arwebstore.blob.core.windows.net\/livingat300main-ca\/2022\/03\/sp7-1024x682.jpg 1024w, https:\/\/arwebstore.blob.core.windows.net\/livingat300main-ca\/2022\/03\/sp7-770x513.jpg 770w, https:\/\/arwebstore.blob.core.windows.net\/livingat300main-ca\/2022\/03\/sp7-1536x1024.jpg 1536w, https:\/\/arwebstore.blob.core.windows.net\/livingat300main-ca\/2022\/03\/sp7-500x333.jpg 500w, https:\/\/arwebstore.blob.core.windows.net\/livingat300main-ca\/2022\/03\/sp7-1155x770.jpg 1155w, https:\/\/arwebstore.blob.core.windows.net\/livingat300main-ca\/2022\/03\/sp7-293x195.jpg 293w, https:\/\/arwebstore.blob.core.windows.net\/livingat300main-ca\/2022\/03\/sp7-1400x933.jpg 1400w, https:\/\/arwebstore.blob.core.windows.net\/livingat300main-ca\/2022\/03\/sp7.jpg 1946w\" sizes=\"(max-width: 370px) 100vw, 370px\" \/><\/a><\/div><div class=\"meta\"><div class=\"byline byline-2 byline-cats-design-1\"><div class=\"byline-part cats\"><a href=\"https:\/\/livingat300main.ca\/category\/culture\/\" class=\"cat\">Culture<\/a><a href=\"https:\/\/livingat300main.ca\/category\/food-restaurants\/\" class=\"cat\">Food &amp; Restaurants<\/a><\/div><span class=\"byline-part separator\">&middot;<\/span><span class=\"byline-part date\"><time class=\"entry-date published dateCreated\" datetime=\"2022-03-11T21:32:19+00:00\">March 11, 2022<\/time><\/span><\/div><div class=\"title-wrap\"><h3 class=\"title\"><a href=\"https:\/\/livingat300main.ca\/st-patricks-day-celebration-ideas-winnipeg-edition\/\">St Patricks Day Celebration Ideas &#8211; Winnipeg Edition<\/a><\/h3><\/div><div class=\"excerpt body-color\">St Patrick\u2019s Day 2022 is right around the corner! We are used... <span class=\"read-more-wrap font-3\"><a class=\"read-more\" href=\"https:\/\/livingat300main.ca\/st-patricks-day-celebration-ideas-winnipeg-edition\/\">Read More<\/a><\/span><\/div><\/div><\/div><\/article><article class=\"tipi-xs-12 elements-location-1 clearfix with-fi ani-base article-ani article-ani-1 tipi-s-typo split-1 split-design-1 separation-border separation-border-style loop-9 preview-classic preview-1 img-ani-1 elements-design-1 post-7465 post type-post status-publish format-standard has-post-thumbnail hentry category-300-main category-lifestyle tag-apartment tag-apartment-building tag-apartment-building-in-downtown-winnipeg tag-apartment-living tag-apartment-living-winnipeg tag-downtown-apartments tag-downtown-living tag-downtown-winnipeg tag-living-in-downtown-winnipeg tag-winnipeg-apartments\"><div class=\"preview-mini-wrap clearfix\"><div class=\"mask\"><a href=\"https:\/\/livingat300main.ca\/benefits-of-living-in-a-central-location\/\" class=\"mask-img\"><img width=\"370\" height=\"247\" src=\"https:\/\/arwebstore.blob.core.windows.net\/livingat300main-ca\/2022\/02\/city-2021-08-29-14-37-25-utc-370x247.jpg\" class=\"attachment-zeen-370-247 size-zeen-370-247 wp-post-image\" alt=\"\" decoding=\"async\" loading=\"lazy\" srcset=\"https:\/\/arwebstore.blob.core.windows.net\/livingat300main-ca\/2022\/02\/city-2021-08-29-14-37-25-utc-370x247.jpg 370w, https:\/\/arwebstore.blob.core.windows.net\/livingat300main-ca\/2022\/02\/city-2021-08-29-14-37-25-utc-300x199.jpg 300w, https:\/\/arwebstore.blob.core.windows.net\/livingat300main-ca\/2022\/02\/city-2021-08-29-14-37-25-utc-1024x681.jpg 1024w, https:\/\/arwebstore.blob.core.windows.net\/livingat300main-ca\/2022\/02\/city-2021-08-29-14-37-25-utc-770x512.jpg 770w, https:\/\/arwebstore.blob.core.windows.net\/livingat300main-ca\/2022\/02\/city-2021-08-29-14-37-25-utc-1536x1021.jpg 1536w, https:\/\/arwebstore.blob.core.windows.net\/livingat300main-ca\/2022\/02\/city-2021-08-29-14-37-25-utc-2048x1362.jpg 2048w, https:\/\/arwebstore.blob.core.windows.net\/livingat300main-ca\/2022\/02\/city-2021-08-29-14-37-25-utc-500x332.jpg 500w, https:\/\/arwebstore.blob.core.windows.net\/livingat300main-ca\/2022\/02\/city-2021-08-29-14-37-25-utc-1155x770.jpg 1155w, https:\/\/arwebstore.blob.core.windows.net\/livingat300main-ca\/2022\/02\/city-2021-08-29-14-37-25-utc-293x195.jpg 293w, https:\/\/arwebstore.blob.core.windows.net\/livingat300main-ca\/2022\/02\/city-2021-08-29-14-37-25-utc-1400x931.jpg 1400w\" sizes=\"(max-width: 370px) 100vw, 370px\" \/><\/a><\/div><div class=\"meta\"><div class=\"byline byline-2 byline-cats-design-1\"><div class=\"byline-part cats\"><a href=\"https:\/\/livingat300main.ca\/category\/300-main\/\" class=\"cat\">300 Main<\/a><a href=\"https:\/\/livingat300main.ca\/category\/lifestyle\/\" class=\"cat\">Lifestyle<\/a><\/div><span class=\"byline-part separator\">&middot;<\/span><span class=\"byline-part date\"><time class=\"entry-date published dateCreated\" datetime=\"2022-03-03T19:02:46+00:00\">March 3, 2022<\/time><\/span><\/div><div class=\"title-wrap\"><h3 class=\"title\"><a href=\"https:\/\/livingat300main.ca\/benefits-of-living-in-a-central-location\/\">Benefits of Living in a Central Location<\/a><\/h3><\/div><div class=\"excerpt body-color\">Many people believe that downtown living is about rigid, concrete walls and... <span class=\"read-more-wrap font-3\"><a class=\"read-more\" href=\"https:\/\/livingat300main.ca\/benefits-of-living-in-a-central-location\/\">Read More<\/a><\/span><\/div><\/div><\/div><\/article><\/div><\/div><\/div>"]